alias,scheme_id,scheme_name
in-pmjay,IN-PMJAY,Ayushman Bharat Pradhan Mantri Jan Arogya Yojana (AB-PMJAY)
ayushman bharat pradhan mantri jan arogya yojana (ab-pmjay),IN-PMJAY,Ayushman Bharat Pradhan Mantri Jan Arogya Yojana (AB-PMJAY)
abpmjay,IN-PMJAY,Ayushman Bharat Pradhan Mantri Jan Arogya Yojana (AB-PMJAY)
tn-cmchis,TN-CMCHIS,Chief Minister's Comprehensive Health Insurance Scheme (CMCHIS)
chief minister's comprehensive health insurance scheme (cmchis),TN-CMCHIS,Chief Minister's Comprehensive Health Insurance Scheme (CMCHIS)
cmchis,TN-CMCHIS,Chief Minister's Comprehensive Health Insurance Scheme (CMCHIS)
in-esic,IN-ESIC,Employees' State Insurance Scheme (ESI)
employees' state insurance scheme (esi),IN-ESIC,Employees' State Insurance Scheme (ESI)
esis,IN-ESIC,Employees' State Insurance Scheme (ESI)
in-cghs,IN-CGHS,Central Government Health Scheme (CGHS)
central government health scheme (cghs),IN-CGHS,Central Government Health Scheme (CGHS)
cghs,IN-CGHS,Central Government Health Scheme (CGHS)
in-ran,IN-RAN,Rashtriya Arogya Nidhi (RAN)
rashtriya arogya nidhi (ran),IN-RAN,Rashtriya Arogya Nidhi (RAN)
ran,IN-RAN,Rashtriya Arogya Nidhi (RAN)
in-jsy,IN-JSY,Janani Suraksha Yojana (JSY)
janani suraksha yojana (jsy),IN-JSY,Janani Suraksha Yojana (JSY)
jsy,IN-JSY,Janani Suraksha Yojana (JSY)
in-jssk,IN-JSSK,Janani Shishu Suraksha Karyakram (JSSK)
janani shishu suraksha karyakram (jssk),IN-JSSK,Janani Shishu Suraksha Karyakram (JSSK)
jssk,IN-JSSK,Janani Shishu Suraksha Karyakram (JSSK)
in-rbsk,IN-RBSK,Rashtriya Bal Swasthya Karyakram (RBSK)
rashtriya bal swasthya karyakram (rbsk),IN-RBSK,Rashtriya Bal Swasthya Karyakram (RBSK)
rbsk,IN-RBSK,Rashtriya Bal Swasthya Karyakram (RBSK)
in-pmssy,IN-PMSSY,Pradhan Mantri Swasthya Suraksha Yojana (PMSSY)
pradhan mantri swasthya suraksha yojana (pmssy),IN-PMSSY,Pradhan Mantri Swasthya Suraksha Yojana (PMSSY)
pmssy,IN-PMSSY,Pradhan Mantri Swasthya Suraksha Yojana (PMSSY)
in-npcdcs,IN-NPCDCS,National Programme for Prevention and Control of Non-Communicable Diseases (NP-NCD; formerly NPCDCS)
national programme for prevention and control of non-communicable diseases (np-ncd; formerly npcdcs),IN-NPCDCS,National Programme for Prevention and Control of Non-Communicable Diseases (NP-NCD; formerly NPCDCS)
nppcndn,IN-NPCDCS,National Programme for Prevention and Control of Non-Communicable Diseases (NP-NCD; formerly NPCDCS)
in-pmndp,IN-PMNDP,Pradhan Mantri National Dialysis Programme (PMNDP)
pradhan mantri national dialysis programme (pmndp),IN-PMNDP,Pradhan Mantri National Dialysis Programme (PMNDP)
pmndp,IN-PMNDP,Pradhan Mantri National Dialysis Programme (PMNDP)
tn-nk48,TN-NK48,Nammai Kaakkum 48 – Innuyir Kappom
nammai kaakkum 48 – innuyir kappom,TN-NK48,Nammai Kaakkum 48 – Innuyir Kappom
nkik,TN-NK48,Nammai Kaakkum 48 – Innuyir Kappom
in-abha,IN-ABHA,Ayushman Bharat Health Account (ABHA)
ayushman bharat health account (abha),IN-ABHA,Ayushman Bharat Health Account (ABHA)
abha,IN-ABHA,Ayushman Bharat Health Account (ABHA)
