scheme_id,scheme_name,normalized_name,jurisdiction,category,scheme_type,brief_details,eligibility,required_documents,where_to_apply,official_url,source_url,source_type,verification_status,last_verified,notes
IN-PMJAY,Ayushman Bharat Pradhan Mantri Jan Arogya Yojana (AB-PMJAY),ayushman bharat pradhan mantri jan arogya yojana (ab-pmjay),India,Publicly funded health assurance,Insurance / Health Assurance,"Cashless secondary and tertiary hospitalization cover at empanelled hospitals. Standard cover is up to ₹5 lakh per eligible family per year, subject to applicable rules and package limits.","Eligibility for most beneficiaries is based on the applicable beneficiary database and scheme rules. Separately, Indian citizens aged 70+ are eligible under the senior-citizen expansion regardless of income; Aadhaar-based e-KYC is required for that enrolment.","For 70+ enrolment: Aadhaar for e-KYC. For other beneficiaries, carry accepted identity and family/beneficiary details; exact requirements depend on the verification channel.",Check eligibility and enrol through the official beneficiary portal or Ayushman App; alternatively visit a CSC or empanelled hospital/Ayushman Mitra.,https://beneficiary.nha.gov.in/,https://nha.gov.in/img/resources/English_FAQs_related_to_the_benefits_for_senior_citizens.pdf,National Health Authority official portal and FAQ,PARTIALLY_VERIFIED,2026-09-30,70+ details supported by official NHA FAQ. Verify other beneficiary rules against current official guidance.
TN-CMCHIS,Chief Minister's Comprehensive Health Insurance Scheme (CMCHIS),chief minister's comprehensive health insurance scheme (cmchis),"Tamil Nadu, India",State health insurance,Insurance / Health Assurance,"Tamil Nadu programme providing cashless treatment for covered procedures at empanelled hospitals, subject to packages and current rules.","Tamil Nadu resident family; official eligibility page states annual family income below ₹1,20,000. Family-member inclusion is subject to scheme rules and ration-card records.","Income certificate, family ration card and Aadhaar are listed in official eligibility guidance. Additional proof may be requested.",Visit the designated CMCHIS card-issuing/enrolment centre at the District Collector's Office with required documents; consult the official portal.,https://www.cmchistn.com/,https://www.cmchistn.com/eligibility,Government of Tamil Nadu CMCHIS official portal,VERIFIED_PORTAL_GUIDANCE,2026-09-30,Use current portal and government orders for final decisions. Older pages may show superseded income limits.
IN-ESIC,Employees' State Insurance Scheme (ESI),employees' state insurance scheme (esi),India (notified areas/establishments),Employment-linked social health insurance,Public Healthcare Service,"Contributory social security scheme for covered employees, including medical care and specified cash benefits under the ESI Act and regulations.",Employees in covered establishments/notified areas who meet applicable wage ceiling and coverage conditions. Verify the current wage ceiling and establishment coverage.,"ESI insurance number/e-Pehchan details, identity and family/dependent details as requested by ESIC.",Coverage is generally initiated through the employer's ESIC registration. Access care through the assigned ESIC dispensary/hospital.,https://www.esic.gov.in/,https://esic.gov.in/attachments/citizens_charter/435aa370631fb916efa4a38c94478011.pdf,ESIC official website and Citizen's Charter,PARTIALLY_VERIFIED,2026-09-30,Do not hardcode wage ceiling without checking latest ESIC notification.
IN-CGHS,Central Government Health Scheme (CGHS),central government health scheme (cghs),India (eligible central government groups/cities),Government employee and pensioner healthcare,Insurance / Health Assurance,Healthcare scheme providing eligible beneficiaries access to wellness centres and empanelled providers under CGHS rules.,"Central Government employees, eligible pensioners and other notified categories, subject to current rules and city/service conditions.","Proof of eligible employment or pension status, identity details, family/dependent details and documents specified in current application process.","Apply through official CGHS online services or designated CGHS wellness centre/office, as applicable.",https://cghs.mohfw.gov.in/,https://cghs.mohfw.gov.in/,Ministry of Health and Family Welfare CGHS portal,NEEDS_DETAILED_VERIFICATION,2026-09-30,"Confirm current beneficiary categories, contribution rates, city availability and process."
IN-RAN,Rashtriya Arogya Nidhi (RAN),rashtriya arogya nidhi (ran),India,Financial assistance for serious illnesses,Public Healthcare Service,"Financial assistance framework for eligible patients from poor families with specified life-threatening diseases, subject to current guidelines and fund availability.","Poor patients meeting income and treatment conditions in current RAN guidelines; covered institutions, diseases and exclusions must be checked.","Income/poverty proof, medical certificate and estimate from treating government hospital, identity and prescribed forms; additional items may apply.",Follow the prescribed process through the treating government hospital and relevant Ministry of Health and Family Welfare channel.,https://mohfw.gov.in/,https://mohfw.gov.in/,Ministry of Health and Family Welfare official portal,NEEDS_DETAILED_VERIFICATION,2026-09-30,"Not automatic insurance coverage. Verify current disease list, ceilings and application channel."
IN-JSY,Janani Suraksha Yojana (JSY),janani suraksha yojana (jsy),India,Maternal health cash assistance,Public Healthcare Service,Safe motherhood programme providing conditional cash assistance for eligible pregnant women for institutional delivery.,"Pregnant women meeting applicable state/UT category, age, parity and other current JSY conditions; rules vary by state/UT.","Pregnancy/MCP card or ANC records, identity and bank details, plus state-required eligibility documents.","Contact local ASHA/ANM, primary health centre or government health facility; follow state health department process.",https://nhm.gov.in/,https://nhm.gov.in/,National Health Mission official portal,NEEDS_STATE_SPECIFIC_VERIFICATION,2026-09-30,Amounts and eligibility vary; do not generalize a single amount.
IN-JSSK,Janani Shishu Suraksha Karyakram (JSSK),janani shishu suraksha karyakram (jssk),India,Maternal and newborn healthcare entitlements,Public Healthcare Entitlement,"Entitlements intended to provide free/cashless services for pregnant women and sick newborns/infants in public institutions, according to guidelines.",Pregnant women and sick newborns/infants covered by current JSSK rules; confirm exact scope from national/state guidance.,Pregnancy/MCP card or child health records and identity/facility records where available. Confirm local requirements.,"Access services at eligible government health facilities; contact facility help desk, ANM or ASHA.",https://nhm.gov.in/,https://nhm.gov.in/,National Health Mission official portal,NEEDS_DETAILED_VERIFICATION,2026-09-30,Verify current entitlements and local implementation.
IN-RBSK,Rashtriya Bal Swasthya Karyakram (RBSK),rashtriya bal swasthya karyakram (rbsk),India,Child health screening and early intervention,Public Healthcare Service,"Child health screening and early intervention addressing defects at birth, diseases, deficiencies and developmental delays including disabilities.","Children in age groups and settings covered by current RBSK guidelines, including newborns and children reached through public health and educational platforms.",Child identity/age details and available health or school records; facility may specify additional records.,"Contact an RBSK mobile health team, Anganwadi centre, government school or public health facility, depending on age and location.",https://nhm.gov.in/,https://nhm.gov.in/,National Health Mission official portal,NEEDS_DETAILED_VERIFICATION,2026-09-30,"Confirm operational age groups, referral pathways and local availability."
IN-PMSSY,Pradhan Mantri Swasthya Suraksha Yojana (PMSSY),pradhan mantri swasthya suraksha yojana (pmssy),India,Public healthcare infrastructure,Public Healthcare Infrastructure,Programme focused on correcting regional imbalances in tertiary healthcare and improving medical education through institutions such as AIIMS and upgraded government medical colleges.,Not an individual enrolment-based insurance benefit. Patients access services at participating institutions under institution-specific rules.,Hospital registration documents and clinical records as required by the treating institution; no general scheme beneficiary card.,Contact the relevant participating AIIMS or upgraded government medical college for patient registration and service details.,https://pmssy.mohfw.gov.in/,https://pmssy.mohfw.gov.in/,PMSSY official portal,NEEDS_DETAILED_VERIFICATION,2026-09-30,"Healthcare infrastructure, not insurance. Include only if discovery supports non-insurance programmes."
IN-NPCDCS,National Programme for Prevention and Control of Non-Communicable Diseases (NP-NCD; formerly NPCDCS),national programme for prevention and control of non-communicable diseases (np-ncd; formerly npcdcs),India,Screening and chronic disease services,Public Healthcare Service,"Public health programme supporting prevention, screening, early diagnosis and management of major non-communicable diseases.",People accessing participating public facilities; screening follows programme protocols and age/risk criteria.,Identity details and available prior medical records; requirements vary by facility.,"Visit a participating Ayushman Arogya Mandir, PHC, CHC or designated government facility.",https://nhm.gov.in/,https://nhm.gov.in/,National Health Mission official portal,NEEDS_DETAILED_VERIFICATION,2026-09-30,"Not insurance. Verify current programme name, age criteria and local availability."
IN-PMNDP,Pradhan Mantri National Dialysis Programme (PMNDP),pradhan mantri national dialysis programme (pmndp),India,Public dialysis services,Public Healthcare Service,"Programme supporting access to dialysis through designated public facilities and PPP arrangements, subject to state implementation.",Patients requiring dialysis who meet service and facility conditions in the relevant state/UT.,"Doctor's referral/clinical assessment, diagnostic records and identity or registration details as required by facility.","Contact district hospital or designated public dialysis centre to confirm availability, registration and charges.",https://nhm.gov.in/,https://nhm.gov.in/,National Health Mission official portal,NEEDS_DETAILED_VERIFICATION,2026-09-30,"Availability, charges and referral requirements differ by state and facility."
TN-NK48,Nammai Kaakkum 48 – Innuyir Kappom,nammai kaakkum 48 – innuyir kappom,"Tamil Nadu, India",Emergency road-accident treatment,Emergency Healthcare Assistance,"Tamil Nadu initiative supporting emergency treatment for eligible road-accident victims at designated hospitals, subject to current rules.",Road-accident victims meeting current Tamil Nadu programme conditions and receiving care at designated hospitals; verify current limits.,Emergency/accident and hospital records; identity details if available. Do not delay emergency stabilization to obtain documents.,Seek immediate care at a designated participating hospital and ask the scheme desk to confirm eligibility and formalities.,https://www.cmchistn.com/,https://www.cmchistn.com/,Government of Tamil Nadu CMCHIS official portal,NEEDS_DETAILED_VERIFICATION,2026-09-30,"Confirm current coverage amount, time window, participating hospitals and process."
IN-ABHA,Ayushman Bharat Health Account (ABHA),ayushman bharat health account (abha),India,Digital health identity,Digital Health Identity,Digital health account identifier to help individuals link and manage records in participating digital health services. It is not insurance and does not itself guarantee free treatment.,Individuals can create an ABHA under current ABDM registration rules; record linking is subject to participation and consent.,"Aadhaar or another supported identity/verification method, depending on current creation flow.",Use the official ABHA/ABDM portal or supported health applications and facilities.,https://abha.abdm.gov.in/,https://abdm.gov.in/,Ayushman Bharat Digital Mission official portal,NEEDS_DETAILED_VERIFICATION,2026-09-30,"Digital health infrastructure, not insurance; ABHA does not itself confer PM-JAY/CMCHIS eligibility."
