source_id,scheme_id,document_title,issuing_authority,official_domain,source_url,document_type,document_language,publication_date,retrieved_at,last_verified_at,verification_status,checksum,ingestion_status
src-in-pmjay,IN-PMJAY,Ayushman Bharat Pradhan Mantri Jan Arogya Yojana (AB-PMJAY) Official Guidelines,National Health Authority official portal and FAQ,beneficiary.nha.gov.in,https://beneficiary.nha.gov.in/,OFFICIAL_GUIDELINE,en,2024-01-01,2026-09-29T18:45:10.925940+00:00,2026-09-30,PARTIALLY_VERIFIED,93d2ba36061d74965feb82e53a4d97c5bc05f7874b5b90664d84dd01820492b2,COMPLETED
src-tn-cmchis,TN-CMCHIS,Chief Minister's Comprehensive Health Insurance Scheme (CMCHIS) Official Guidelines,Government of Tamil Nadu CMCHIS official portal,www.cmchistn.com,https://www.cmchistn.com/,OFFICIAL_GUIDELINE,en,2024-01-01,2026-09-29T18:45:10.925940+00:00,2026-09-30,VERIFIED_PORTAL_GUIDANCE,0db52335abe6b200cda8f75943e227f5e5cf9ccf7786bfcaf224939bb06fb382,COMPLETED
src-in-esic,IN-ESIC,Employees' State Insurance Scheme (ESI) Official Guidelines,ESIC official website and Citizen's Charter,www.esic.gov.in,https://www.esic.gov.in/,OFFICIAL_GUIDELINE,en,2024-01-01,2026-09-29T18:45:10.925940+00:00,2026-09-30,PARTIALLY_VERIFIED,8cb53e27cf030b4b639b17cb0b565848a3e3878ffe6f5496dc725f6275fd87e4,COMPLETED
src-in-cghs,IN-CGHS,Central Government Health Scheme (CGHS) Official Guidelines,Ministry of Health and Family Welfare CGHS portal,cghs.mohfw.gov.in,https://cghs.mohfw.gov.in/,OFFICIAL_GUIDELINE,en,2024-01-01,2026-09-29T18:45:10.925940+00:00,2026-09-30,NEEDS_DETAILED_VERIFICATION,28e9d9e3611adc8b9830f1d26af9c3c0f0293a4f7a073ad25702c62ddd111a24,COMPLETED
src-in-ran,IN-RAN,Rashtriya Arogya Nidhi (RAN) Official Guidelines,Ministry of Health and Family Welfare official portal,mohfw.gov.in,https://mohfw.gov.in/,OFFICIAL_GUIDELINE,en,2024-01-01,2026-09-29T18:45:10.925940+00:00,2026-09-30,NEEDS_DETAILED_VERIFICATION,3e803081bdf6834da7d2cf582c3a6d5e6a0eaf1dfa200be487cfe54b8ae53c5e,COMPLETED
src-in-jsy,IN-JSY,Janani Suraksha Yojana (JSY) Official Guidelines,National Health Mission official portal,nhm.gov.in,https://nhm.gov.in/,OFFICIAL_GUIDELINE,en,2024-01-01,2026-09-29T18:45:10.925940+00:00,2026-09-30,NEEDS_STATE_SPECIFIC_VERIFICATION,1b9ac1eac8c5024dbc1e97443d0561988abdea085f22e4d83d0757033b8d8cc7,COMPLETED
src-in-jssk,IN-JSSK,Janani Shishu Suraksha Karyakram (JSSK) Official Guidelines,National Health Mission official portal,nhm.gov.in,https://nhm.gov.in/,OFFICIAL_GUIDELINE,en,2024-01-01,2026-09-29T18:45:10.925940+00:00,2026-09-30,NEEDS_DETAILED_VERIFICATION,0bf475e7e37b02fa6e63f3a35470db4b6bcd923a5a2385bec8bfc7aeb9b30b1a,COMPLETED
src-in-rbsk,IN-RBSK,Rashtriya Bal Swasthya Karyakram (RBSK) Official Guidelines,National Health Mission official portal,nhm.gov.in,https://nhm.gov.in/,OFFICIAL_GUIDELINE,en,2024-01-01,2026-09-29T18:45:10.925940+00:00,2026-09-30,NEEDS_DETAILED_VERIFICATION,5e14fe894d50748e663c37cfa783d0da50485195cceee956230e9575488045fa,COMPLETED
src-in-pmssy,IN-PMSSY,Pradhan Mantri Swasthya Suraksha Yojana (PMSSY) Official Guidelines,PMSSY official portal,pmssy.mohfw.gov.in,https://pmssy.mohfw.gov.in/,OFFICIAL_GUIDELINE,en,2024-01-01,2026-09-29T18:45:10.925940+00:00,2026-09-30,NEEDS_DETAILED_VERIFICATION,c1828d9e11edbf191fd716883cf54784ff083ea3a7922cd7afdd165cce283be0,COMPLETED
src-in-npcdcs,IN-NPCDCS,National Programme for Prevention and Control of Non-Communicable Diseases (NP-NCD; formerly NPCDCS) Official Guidelines,National Health Mission official portal,nhm.gov.in,https://nhm.gov.in/,OFFICIAL_GUIDELINE,en,2024-01-01,2026-09-29T18:45:10.925940+00:00,2026-09-30,NEEDS_DETAILED_VERIFICATION,fb6153d45ea87a8d430153e81a1ecf7fd5b90050c4501769c853852a7a1fe000,COMPLETED
src-in-pmndp,IN-PMNDP,Pradhan Mantri National Dialysis Programme (PMNDP) Official Guidelines,National Health Mission official portal,nhm.gov.in,https://nhm.gov.in/,OFFICIAL_GUIDELINE,en,2024-01-01,2026-09-29T18:45:10.925940+00:00,2026-09-30,NEEDS_DETAILED_VERIFICATION,c302a0695096d7597ae590f51ba4edf8bed7da5652ef944aa7d3cc27c5c02758,COMPLETED
src-tn-nk48,TN-NK48,Nammai Kaakkum 48 – Innuyir Kappom Official Guidelines,Government of Tamil Nadu CMCHIS official portal,www.cmchistn.com,https://www.cmchistn.com/,OFFICIAL_GUIDELINE,en,2024-01-01,2026-09-29T18:45:10.925940+00:00,2026-09-30,NEEDS_DETAILED_VERIFICATION,38766b3b55248d23d1172ee5d8646cba3fb14ea1d32a2f05085cc132c2eceaea,COMPLETED
src-in-abha,IN-ABHA,Ayushman Bharat Health Account (ABHA) Official Guidelines,Ayushman Bharat Digital Mission official portal,abha.abdm.gov.in,https://abha.abdm.gov.in/,OFFICIAL_GUIDELINE,en,2024-01-01,2026-09-29T18:45:10.925940+00:00,2026-09-30,NEEDS_DETAILED_VERIFICATION,41cd3a63102351006092dc0786ac9ceee28493596d3cf12b400ef3b7d215acb6,COMPLETED
